file,pixel_iou,baseline_poly_iou,regularized_poly_iou,baseline_boundary_f1,regularized_boundary_f1,baseline_mean_vertices,regularized_mean_vertices,baseline_hausdorff,regularized_hausdorff,n_baseline_polys,n_regularized_polys,n_gt_polys
0a4c40_0_10752.png,0.5681660283245746,0.30068610654893624,0.39263688998832,0.16330659082946092,0.16330659082946092,219.0,10.4,258.1132284866052,230.9455844293393,4,5,6
0a4c40_0_13312.png,0.6106032906764168,0.2894094527202631,0.35000978407469957,0.1400011672801596,0.1400011672801596,238.0,11.5,116.44863608680386,119.21572406696106,2,4,6
0a4c40_0_17408.png,0.576982041173894,0.5724581005586592,0.5762792741762928,0.03839590443686007,0.03839590443686007,201.0,12.0,23.706539182259394,28.43769394975847,1,1,1
0a4c40_0_4608.png,0.6432996558232486,0.0,0.3598022361542435,0.17279135847992536,0.17279135847992536,166.0,9.5,275.77164466275354,180.0388834962438,1,2,2
0a4c40_0_5632.png,0.7255385104522692,0.5461542264779076,0.655870321360681,0.14724769683415362,0.14724769683415362,298.0,6.5,79.88116173416608,74.36605173176517,1,2,4
0a4c40_10240_0.png,0.6788702280614775,0.29589171288419425,0.25189100692725286,0.1392340595220981,0.1392340595220981,217.0,11.5,212.29975337286768,225.20278395187984,3,6,5
0a4c40_10240_11264.png,0.680848946556614,0.6591347240298653,0.3899554194225115,0.1705632596534067,0.1705632596534067,103.5,10.75,27.95084971874737,122.81956559421843,2,4,12
0a4c40_10240_13824.png,0.5734633487364775,0.125811123986095,0.1293258669594377,0.07821113010689121,0.07821113010689121,276.0,12.0,207.02173798903343,196.57198242745667,1,3,11
0a4c40_10240_14336.png,0.6452481904003373,0.0,0.1326781502918246,0.13691320083479364,0.13691320083479364,44.0,12.2,460.5746410735181,274.24358944340275,1,5,15
0a4c40_10240_15360.png,0.8508118313404657,0.26224282816574906,0.38680083717025,0.1944619345752706,0.1944619345752706,75.0,11.0,41.23105625617661,236.9590606176454,1,3,3
0a4c40_10240_16896.png,0.560417503010839,0.0,0.5661882097856182,0.11337825198984558,0.11337825198984558,0.0,11.0,nan,44.204071908087165,0,1,1
0a4c40_10240_2048.png,0.7020196191575303,0.4287126964072871,0.4767322368805876,0.16456276579187576,0.16456276579187576,232.33333333333334,9.857142857142858,147.32536180597427,143.7484450488961,6,7,7
0a4c40_10240_23040.png,0.0,0.0,0.0,0.0,0.0,52.0,17.0,nan,nan,1,1,0
0a4c40_10240_23552.png,0.07720588235294118,0.06818806708825956,0.07148748968930436,0.0,0.0,35.0,14.0,25.0,25.0,1,1,1
0a4c40_10240_2560.png,0.47655234759025933,0.0,0.14146313030493768,0.09577584213366223,0.09577584213366223,0.0,12.8,nan,265.7767259155376,0,5,5
0a4c40_10240_26112.png,1.0,0.0,0.0,0.0,0.0,0.0,0.0,nan,nan,0,0,0
0a4c40_10240_27136.png,1.0,0.0,0.0,0.0,0.0,0.0,0.0,nan,nan,0,0,0
0a4c40_10240_28160.png,0.0,0.0,0.0,0.0,0.0,0.0,11.0,nan,nan,0,1,0
0a4c40_10240_28672.png,0.0,0.0,0.0,0.0,0.0,0.0,9.0,nan,nan,0,1,0
0a4c40_10240_29696.png,0.0,0.0,0.0,0.0,0.0,0.0,11.333333333333334,nan,nan,0,3,0
0a4c40_10240_30720.png,1.0,0.0,0.0,0.0,0.0,0.0,0.0,nan,nan,0,0,0
0a4c40_10240_34304.png,1.0,0.0,0.0,0.0,0.0,0.0,0.0,nan,nan,0,0,0
0a4c40_10240_34816.png,1.0,0.0,0.0,0.0,0.0,0.0,0.0,nan,nan,0,0,0
0a4c40_10240_35328.png,1.0,0.0,0.0,0.0,0.0,0.0,0.0,nan,nan,0,0,0
0a4c40_10240_3584.png,0.5728059928427064,0.5622957675958786,0.5894223255075669,0.1462940461725395,0.1462940461725395,87.5,10.0,30.930634703558447,48.63737766359044,2,4,6
0a4c40_10240_35840.png,1.0,0.0,0.0,0.0,0.0,0.0,0.0,nan,nan,0,0,0
0a4c40_10240_4096.png,0.5177415222656978,0.7036559139784946,0.6277903587712322,0.15055908589057215,0.15055908589057215,108.0,7.0,16.1245154965971,113.49759120170863,1,3,4
0a4c40_10240_4608.png,0.624370810234047,0.0,0.4303395504316771,0.12420574890031216,0.12420574890031216,0.0,9.571428571428571,nan,181.45060138365017,0,7,9
0a4c40_10240_6656.png,0.7177330972854493,0.5943070730304773,0.28191986806795966,0.25514429625295953,0.25514429625295953,84.0,11.8,31.0,214.05891570767398,1,5,3
0a4c40_10240_7680.png,0.8399209486166008,0.8429017474945862,0.8244040187882518,0.22292461320876011,0.22292461320876011,168.0,6.0,37.0,51.42956348249516,1,1,2
0a4c40_10240_9216.png,0.8145036356784972,0.0,0.28297869337824144,0.13873254374238483,0.13873254374238483,154.0,13.0,352.16615396712956,172.43968624011458,1,3,3
0a4c40_10240_9728.png,0.6804298808164222,0.679277838254134,0.6752104027885174,0.11486486486486487,0.11486486486486487,337.0,9.0,99.04544411531506,101.0,1,1,1
0a4c40_1024_15360.png,0.766553543560653,0.7389519914268088,0.7273221515499828,0.11504398682852508,0.11504398682852508,232.0,8.5,52.74642784226795,65.41940884816987,2,2,3
0a4c40_1024_16896.png,0.553393278225493,0.29725071829677646,0.23444044638641692,0.10782774208898407,0.10782774208898407,162.25,12.4,141.61769783213444,168.99499312318176,4,5,3
0a4c40_1024_17408.png,0.3031963202765652,0.30077910514209394,0.29934615938339487,0.013888888888888886,0.013888888888888886,311.0,10.0,96.56603957913983,95.15683924279227,1,1,1
0a4c40_1024_19968.png,1.0,0.0,0.0,0.0,0.0,0.0,0.0,nan,nan,0,0,0
0a4c40_1024_2048.png,0.6047603223394533,0.3460323359970266,0.42949331375308847,0.22620644058238532,0.22620644058238532,340.0,10.6,218.19352131330442,222.079006902377,2,5,4
0a4c40_1024_20480.png,1.0,0.0,0.0,0.0,0.0,0.0,0.0,nan,nan,0,0,0
0a4c40_1024_4608.png,0.589811580530838,0.44161561042208697,0.3361646963262304,0.15449411730592183,0.15449411730592183,282.5,11.666666666666666,72.16148149494559,83.15012666683147,2,6,6
0a4c40_1024_5120.png,0.6784980037934556,0.30448191674507563,0.6382216165209433,0.15905590559055904,0.15905590559055904,206.0,11.0,112.85399891102489,111.03354294561667,2,3,5
0a4c40_1024_8192.png,0.7747197331161022,0.0,0.710279172227232,0.2428952577850324,0.2428952577850324,0.0,10.0,nan,108.96093349433065,0,2,7
0a4c40_1024_9216.png,0.8770242018355126,0.0,0.7877132169375436,0.23459020293788496,0.23459020293788496,0.0,11.0,nan,66.32012123287552,0,2,3
0a4c40_1024_9728.png,0.6674609132747984,0.3424063859857125,0.4416675147643313,0.3057684590193174,0.3057684590193174,143.66666666666666,9.75,128.2868379434822,108.52420115594447,3,4,4
0a4c40_10752_10240.png,0.8472862137698919,0.8942021276595745,0.5230305875034312,0.17836156239198064,0.17836156239198064,170.0,10.666666666666666,27.459060435491963,206.89843285723893,1,3,3
0a4c40_10752_11264.png,0.6873452354856256,0.7655952575188992,0.48833268448121325,0.12923000017516226,0.12923000017516226,212.0,8.75,20.615528128088304,94.59270185877251,1,4,7
0a4c40_10752_11776.png,0.6397857768165199,0.48369521879052646,0.5262520871259557,0.04666234607906676,0.04666234607906676,295.5,12.666666666666666,45.12310562561766,83.91873422646192,2,3,5
0a4c40_10752_12288.png,0.5785280114634371,0.07336742722265932,0.1571944670848566,0.15433707241832922,0.15433707241832922,84.0,13.0,136.51599897613104,184.3515646969974,2,5,16
0a4c40_10752_12800.png,0.6248406777906458,0.0,0.3754511893956885,0.07513082762673896,0.07513082762673896,0.0,11.333333333333334,nan,210.5657107132392,0,3,6
0a4c40_10752_14336.png,0.595608636432427,0.3607848312876688,0.32236796594893885,0.08883643893342962,0.08883643893342962,160.5,11.25,131.7499082870369,192.86013788635535,2,4,7
0a4c40_10752_14848.png,0.7286757447193314,0.47867171211471027,0.3447659262296663,0.15384885579304167,0.15384885579304167,804.0,10.0,294.40108695451516,216.77065200096195,1,2,4
0a4c40_10752_16384.png,0.003574687214868699,0.0031011074483306336,0.0031526905227842075,0.026153736417889158,0.026153736417889158,647.0,12.0,348.05890306096177,346.77081768799405,1,1,1
0a4c40_10752_16896.png,0.0,0.0,0.0,0.0,0.0,211.0,9.0,nan,nan,1,1,0
0a4c40_10752_19456.png,1.0,0.0,0.0,0.0,0.0,0.0,0.0,nan,nan,0,0,0
0a4c40_10752_2048.png,0.4061626662833964,0.3953928257785584,0.5051461382517907,0.08769826613211071,0.08769826613211071,96.0,10.8,35.11409973215888,123.95386890877698,1,5,7
0a4c40_10752_21504.png,0.6824461743460271,0.6794282251452608,0.662183122757148,0.0,0.0,250.0,7.0,43.56604182158393,59.222527747029666,1,1,1
0a4c40_10752_22016.png,1.0,0.0,0.0,0.0,0.0,0.0,0.0,nan,nan,0,0,0
0a4c40_10752_23552.png,0.0,0.0,0.0,0.0,0.0,18.0,13.6,nan,nan,1,5,0
0a4c40_10752_24576.png,0.0,0.0,0.0,0.0,0.0,42.0,17.0,nan,nan,1,1,0
0a4c40_10752_2560.png,0.6942946084238651,0.7534387642515631,0.5786691752147656,0.1910089112986822,0.1910089112986822,132.0,9.25,21.95449840010015,83.28430063695333,1,4,7
0a4c40_10752_25600.png,0.0,0.0,0.0,0.0,0.0,0.0,12.0,nan,nan,0,1,0
0a4c40_10752_26112.png,1.0,0.0,0.0,0.0,0.0,0.0,0.0,nan,nan,0,0,0
0a4c40_10752_29696.png,0.23926499300718668,0.0,0.03527801995918106,0.04172332797626407,0.04172332797626407,0.0,13.0,nan,395.91713008469793,0,5,3
0a4c40_10752_30208.png,0.0,0.0,0.0,0.0,0.0,0.0,11.5,nan,nan,0,4,0
0a4c40_10752_32768.png,1.0,0.0,0.0,0.0,0.0,0.0,0.0,nan,nan,0,0,0
0a4c40_10752_33280.png,1.0,0.0,0.0,0.0,0.0,0.0,0.0,nan,nan,0,0,0
0a4c40_10752_34304.png,1.0,0.0,0.0,0.0,0.0,0.0,0.0,nan,nan,0,0,0
0a4c40_10752_4608.png,0.8082749882076562,0.8154757086537453,0.724478902593028,0.08565048293498413,0.08565048293498413,648.0,9.5,131.00381673829202,132.92255059503026,1,2,3
0a4c40_10752_6144.png,0.7432636096726586,0.0,0.380997055865639,0.10797713835170712,0.10797713835170712,0.0,14.0,nan,187.00246473175227,0,1,12
0a4c40_10752_7168.png,0.6435072205793689,0.42509182929031714,0.36422898590850755,0.16780679759576742,0.16780679759576742,183.0,8.5,125.81002943770216,122.33530123368375,5,6,8
0a4c40_10752_9728.png,0.7693058512611806,0.0,0.6174030597890227,0.06926680140941116,0.06926680140941116,0.0,10.0,nan,296.23301639081353,0,1,2
0a4c40_11264_0.png,0.47410299074192586,0.0,0.22335008131051012,0.09319017199333803,0.09319017199333803,101.0,11.2,506.269690975077,240.6233226612666,1,5,4
0a4c40_11264_10240.png,0.7492274804210611,0.0,0.4395952899167824,0.1372067558504893,0.1372067558504893,0.0,11.0,nan,150.22525076068996,0,2,2
0a4c40_11264_14336.png,0.5141039160235824,0.6462707845475952,0.3427333890897966,0.05306274436790169,0.05306274436790169,222.0,8.5,55.45548786287635,200.0321787285001,2,6,4
0a4c40_11264_15872.png,0.12531260561000337,0.0,0.07551338991249286,0.11219386439804074,0.11219386439804074,93.0,8.0,455.1977592211983,393.75336007650503,1,2,1
0a4c40_11264_18944.png,0.0,0.0,0.0,0.0,0.0,0.0,10.0,nan,nan,0,1,0
0a4c40_11264_20480.png,0.7240079466150476,0.7221461246220247,0.7217450095657234,0.12829324169530354,0.12829324169530354,267.0,10.0,32.38826948140329,50.27638237599003,1,1,1
0a4c40_11264_22016.png,0.006467439785905442,0.0,0.0,0.1185066695586162,0.1185066695586162,117.0,10.714285714285714,356.49093294023294,292.4942630140451,2,7,1
0a4c40_11264_24576.png,1.0,0.0,0.0,0.0,0.0,0.0,0.0,nan,nan,0,0,0
0a4c40_11264_26112.png,1.0,0.0,0.0,0.0,0.0,0.0,0.0,nan,nan,0,0,0
0a4c40_11264_27648.png,1.0,0.0,0.0,0.0,0.0,0.0,0.0,nan,nan,0,0,0
0a4c40_11264_33792.png,1.0,0.0,0.0,0.0,0.0,0.0,0.0,nan,nan,0,0,0
0a4c40_11264_35328.png,1.0,0.0,0.0,0.0,0.0,0.0,0.0,nan,nan,0,0,0
0a4c40_11264_36352.png,1.0,0.0,0.0,0.0,0.0,0.0,0.0,nan,nan,0,0,0
0a4c40_11264_6144.png,0.8135555351111228,0.0,0.5139715654080192,0.1426609152468853,0.1426609152468853,0.0,12.333333333333334,nan,71.53567191546487,0,3,5
0a4c40_11264_7168.png,0.7127870856037073,0.38861155232836647,0.43573488032058955,0.09643668317384667,0.09643668317384667,231.5,12.0,76.59554574767047,74.28072856576962,2,3,4
0a4c40_11264_8704.png,0.49069873611391013,0.0,0.15932255391342817,0.023730068542104802,0.023730068542104802,0.0,9.666666666666666,nan,481.63568733765965,0,3,1
0a4c40_11264_9728.png,0.7536319108156406,0.8319031550030254,0.42507281332492575,0.11481565435067559,0.11481565435067559,289.0,8.75,99.11663189842065,101.40882213444453,2,4,4
0a4c40_11776_1024.png,0.600017584806727,0.5105602322348146,0.47543611045122186,0.1882323769771983,0.1882323769771983,175.0,12.0,149.67911643909565,148.2277075497954,5,7,10
0a4c40_11776_10240.png,1.0,0.0,0.0,0.0,0.0,0.0,0.0,nan,nan,0,0,0
0a4c40_11776_11776.png,0.6639640067428002,0.4513894713299226,0.40688598274086546,0.17393841577294888,0.17393841577294888,214.0,10.142857142857142,251.5167706065215,225.22873112697556,2,7,6
0a4c40_11776_12288.png,0.6403030274081222,0.44054768535562383,0.4540153157414033,0.04211488051860473,0.04211488051860473,144.0,10.2,193.6661682884487,168.85197550617093,3,5,6
0a4c40_11776_13824.png,0.7278825660394608,0.6831566548881036,0.6040437994774817,0.1885032678559377,0.1885032678559377,99.0,9.6,22.20360331117452,95.10463222562004,1,5,8
0a4c40_11776_2048.png,0.7754616764168295,0.0,0.4443020416010505,0.12477927796184742,0.12477927796184742,0.0,13.0,nan,168.1476506109125,0,3,5
0a4c40_11776_20992.png,0.0,0.0,0.0,0.0,0.0,0.0,13.0,nan,nan,0,1,0
0a4c40_11776_22016.png,0.0,0.0,0.0,0.0,0.0,74.0,14.0,nan,nan,2,7,0
0a4c40_11776_23040.png,0.0,0.0,0.0,0.0,0.0,18.0,9.6,nan,nan,1,5,0
0a4c40_11776_26624.png,1.0,0.0,0.0,0.0,0.0,0.0,0.0,nan,nan,0,0,0
0a4c40_11776_28160.png,1.0,0.0,0.0,0.0,0.0,0.0,0.0,nan,nan,0,0,0
0a4c40_11776_28672.png,1.0,0.0,0.0,0.0,0.0,0.0,0.0,nan,nan,0,0,0
0a4c40_11776_3072.png,0.7490982254526999,0.46040563017352537,0.458713763669911,0.14714778542582932,0.14714778542582932,406.6666666666667,10.0,191.32934060996612,221.92594564002638,3,3,3
0a4c40_11776_30720.png,0.5269502372282908,0.32844162110003217,0.1662894076316129,0.133018425702232,0.133018425702232,402.0,9.0,113.84199576606166,288.8701747476726,1,2,6
0a4c40_11776_31232.png,0.0,0.0,0.0,0.0,0.0,0.0,11.333333333333334,nan,nan,0,3,0
0a4c40_11776_33792.png,1.0,0.0,0.0,0.0,0.0,0.0,0.0,nan,nan,0,0,0
0a4c40_11776_34304.png,1.0,0.0,0.0,0.0,0.0,0.0,0.0,nan,nan,0,0,0
0a4c40_11776_4608.png,0.5126769838656569,0.22854679914704415,0.34931572116461895,0.09570036434780085,0.09570036434780085,265.0,11.5,260.4108223034575,167.67528715117072,3,6,6
0a4c40_11776_512.png,0.44088434124121123,0.07795689186741532,0.144161279207713,0.09020094661464446,0.09020094661464446,48.4,13.5,338.32978455981913,245.39054321868645,5,8,8
0a4c40_11776_5632.png,0.824181725196045,0.46222565617256617,0.46559150054900317,0.1615504960418914,0.1615504960418914,149.5,11.2,32.98036371330386,159.79666347414522,2,5,6
0a4c40_11776_6656.png,0.6551275544849572,0.3400742607081289,0.42581587909666485,0.17155743518275426,0.17155743518275426,91.5,12.0,262.36935967662777,170.78341503932836,2,5,11
0a4c40_12288_11776.png,0.6498411978221416,0.6277972382248213,0.31932581925745473,0.34516211386265,0.34516211386265,226.0,11.5,60.41522986797286,134.88257416895695,1,2,1
0a4c40_12288_16896.png,1.0,0.0,0.0,0.0,0.0,0.0,0.0,nan,nan,0,0,0
0a4c40_12288_17920.png,1.0,0.0,0.0,0.0,0.0,0.0,0.0,nan,nan,0,0,0
0a4c40_12288_18432.png,1.0,0.0,0.0,0.0,0.0,0.0,0.0,nan,nan,0,0,0
0a4c40_12288_19968.png,1.0,0.0,0.0,0.0,0.0,0.0,0.0,nan,nan,0,0,0
0a4c40_12288_20992.png,1.0,0.0,0.0,0.0,0.0,0.0,0.0,nan,nan,0,0,0
0a4c40_12288_22016.png,1.0,0.0,0.0,0.0,0.0,0.0,0.0,nan,nan,0,0,0
0a4c40_12288_24576.png,1.0,0.0,0.0,0.0,0.0,0.0,0.0,nan,nan,0,0,0
0a4c40_12288_2560.png,0.5377366306283915,0.6939099501683106,0.23175281999957112,0.057060198873716106,0.057060198873716106,386.0,10.666666666666666,63.631753079732135,347.1063391188679,1,3,4
0a4c40_12288_29696.png,0.7245079378359723,0.5363837810432878,0.5312491121085642,0.15414144917653075,0.15414144917653075,208.0,12.0,40.67713378033491,57.20504659522083,3,3,3
0a4c40_12288_30208.png,0.639819984501977,0.0,0.5153594103738302,0.030844377474502825,0.030844377474502825,0.0,10.0,nan,164.46884203398528,0,1,3
0a4c40_12288_3072.png,0.5985127833219273,0.7105895931518708,0.3729780072193153,0.16543194735611652,0.16543194735611652,196.0,10.4,24.166091947189145,169.5810417906561,1,5,6
0a4c40_12288_33280.png,1.0,0.0,0.0,0.0,0.0,0.0,0.0,nan,nan,0,0,0
0a4c40_12288_4608.png,0.7821130046962224,0.8741306673799653,0.21199554606677926,0.16864572373365397,0.16864572373365397,296.0,14.25,28.42534080710379,284.52322955599595,1,4,1
0a4c40_12288_7680.png,0.44819629259287747,0.3837850639147584,0.4549175607531621,0.12386228729719034,0.12386228729719034,108.33333333333333,13.0,69.6163064602863,70.82380484306636,3,6,9
0a4c40_12288_9216.png,0.863982522399809,0.0,0.2836528247670217,0.0855001232670489,0.0855001232670489,0.0,8.333333333333334,nan,276.68356925068304,0,3,1
0a4c40_12800_1024.png,0.6760035325679437,0.5766543362104398,0.32683141788741465,0.0801934819341478,0.0801934819341478,67.0,9.2,50.15974481593781,202.35726427039904,1,5,5
0a4c40_12800_11264.png,0.711975909196201,0.0,0.20418321349884436,0.08461376857264977,0.08461376857264977,0.0,11.333333333333334,nan,312.55080361690256,0,3,3
0a4c40_12800_15360.png,0.79426696802051,0.0,0.22063297055539555,0.07879392035286406,0.07879392035286406,0.0,12.4,nan,318.4257285037453,0,5,3
0a4c40_12800_15872.png,0.18885843584677162,0.0,0.08321068193624351,0.12880242590645663,0.12880242590645663,15.0,10.5,226.10838109190027,198.65926436139503,1,2,1
0a4c40_12800_16384.png,0.619691851363599,0.0,0.612181321622684,0.13783239517569068,0.13783239517569068,0.0,13.0,nan,139.9428454762872,0,1,1
0a4c40_12800_19456.png,1.0,0.0,0.0,0.0,0.0,0.0,0.0,nan,nan,0,0,0
0a4c40_12800_22528.png,1.0,0.0,0.0,0.0,0.0,0.0,0.0,nan,nan,0,0,0
0a4c40_12800_2560.png,0.6319186910194615,0.7473342605470561,0.5665631864207041,0.07845397913263906,0.07845397913263906,55.0,16.0,8.246211251235321,130.8049337626998,1,2,8
0a4c40_12800_28160.png,1.0,0.0,0.0,0.0,0.0,0.0,0.0,nan,nan,0,0,0
0a4c40_12800_28672.png,0.18566900393814234,0.0,0.1653319398096091,0.04255867939128192,0.04255867939128192,0.0,9.0,nan,72.03471385380801,0,1,1
0a4c40_12800_29184.png,0.3250145385062723,0.0,0.23278909988047855,0.056694663179179976,0.056694663179179976,38.0,13.8,216.8155898453799,161.39333975754192,1,5,5
0a4c40_12800_32256.png,0.0,0.0,0.0,0.0,0.0,0.0,0.0,nan,nan,0,0,0
0a4c40_12800_32768.png,0.0,0.0,0.0,0.0,0.0,139.0,8.0,nan,nan,1,1,0
0a4c40_12800_33280.png,1.0,0.0,0.0,0.0,0.0,0.0,0.0,nan,nan,0,0,0
0a4c40_12800_36864.png,1.0,0.0,0.0,0.0,0.0,0.0,0.0,nan,nan,0,0,0
0a4c40_12800_512.png,0.3996378998189499,0.5976245003847968,0.20575076537756876,0.2090685885833338,0.2090685885833338,163.0,12.285714285714286,57.56682405756068,219.3316591519018,2,7,6
0a4c40_12800_5632.png,0.6548271085638764,0.7687192473184691,0.36974864079626263,0.13180705456895794,0.13180705456895794,386.0,10.5,24.596747752497688,186.77193370436063,1,4,4
0a4c40_12800_6144.png,0.7470967496287647,0.0,0.6151611969057138,0.1343221788619772,0.1343221788619772,0.0,13.0,nan,173.29166569723478,0,2,6
0a4c40_13312_0.png,0.43437482874433386,0.0,0.15088259660216566,0.1051938470325974,0.1051938470325974,0.0,12.818181818181818,nan,255.29993186783807,0,11,4
0a4c40_13312_1024.png,0.6864926989357321,0.0,0.310937375118022,0.1398515755946262,0.1398515755946262,0.0,13.333333333333334,nan,226.1620099714476,0,3,3
0a4c40_13312_11264.png,0.7281162851353249,0.38798506467529004,0.2767629836307385,0.19246005211478545,0.19246005211478545,256.5,10.6,367.0255943559701,390.10781062397814,2,5,3
0a4c40_13312_12800.png,0.36156696664902066,0.0,0.4099917732405953,0.058590610021137864,0.058590610021137864,0.0,16.0,nan,25.942243542145693,0,1,2
0a4c40_13312_1536.png,0.7631486016973287,0.7629981667939992,0.5019324493743235,0.11729464718035426,0.11729464718035426,236.0,8.333333333333334,64.54493355502711,214.79122750898614,2,3,2
0a4c40_13312_15872.png,0.4443390112942048,0.0,0.4458811600932518,0.029361443788288536,0.029361443788288536,0.0,12.0,nan,167.85397338192936,0,1,1
0a4c40_13312_17920.png,0.8192879002761813,0.0,0.49821777212208174,0.1513295311695332,0.1513295311695332,91.0,9.666666666666666,186.46179233290664,122.84998991423741,1,3,4
0a4c40_13312_19456.png,0.0,0.0,0.0,0.0,0.0,0.0,0.0,nan,nan,0,0,0
